report_date,category,program_name,episode,broadcast_date,metric,value,source_file,data_area
2026-08-02,드라마,아이돌아이,1,1970-01-01,target,1.19704,◎ _26년 오리지널 콘텐츠 관리 (260101~0802 현재).xlsx,drama
2026-08-02,드라마,아이돌아이,2,1970-01-01,target,0.98283,◎ _26년 오리지널 콘텐츠 관리 (260101~0802 현재).xlsx,drama
2026-08-02,드라마,아이돌아이,3,1970-01-01,target,0.69134,◎ _26년 오리지널 콘텐츠 관리 (260101~0802 현재).xlsx,drama
2026-08-02,드라마,아이돌아이,4,1970-01-01,target,0.85711,◎ _26년 오리지널 콘텐츠 관리 (260101~0802 현재).xlsx,drama
2026-08-02,드라마,아이돌아이,5,1970-01-01,target,0.91473,◎ _26년 오리지널 콘텐츠 관리 (260101~0802 현재).xlsx,drama
2026-08-02,드라마,아이돌아이,6,1970-01-01,target,0.70482,◎ _26년 오리지널 콘텐츠 관리 (260101~0802 현재).xlsx,drama
2026-08-02,드라마,아이돌아이,7,1970-01-01,target,0.9322,◎ _26년 오리지널 콘텐츠 관리 (260101~0802 현재).xlsx,drama
2026-08-02,드라마,아이돌아이,8,1970-01-01,target,0.66863,◎ _26년 오리지널 콘텐츠 관리 (260101~0802 현재).xlsx,drama
2026-08-02,드라마,아이돌아이,1,1970-01-01,household,3.48647,◎ _26년 오리지널 콘텐츠 관리 (260101~0802 현재).xlsx,drama
2026-08-02,드라마,아이돌아이,2,1970-01-01,household,2.82846,◎ _26년 오리지널 콘텐츠 관리 (260101~0802 현재).xlsx,drama
2026-08-02,드라마,아이돌아이,3,1970-01-01,household,3.20913,◎ _26년 오리지널 콘텐츠 관리 (260101~0802 현재).xlsx,drama
2026-08-02,드라마,아이돌아이,4,1970-01-01,household,3.07689,◎ _26년 오리지널 콘텐츠 관리 (260101~0802 현재).xlsx,drama
2026-08-02,드라마,아이돌아이,5,1970-01-01,household,3.23278,◎ _26년 오리지널 콘텐츠 관리 (260101~0802 현재).xlsx,drama
2026-08-02,드라마,아이돌아이,6,1970-01-01,household,2.64363,◎ _26년 오리지널 콘텐츠 관리 (260101~0802 현재).xlsx,drama
2026-08-02,드라마,아이돌아이,7,1970-01-01,household,3.4428,◎ _26년 오리지널 콘텐츠 관리 (260101~0802 현재).xlsx,drama
2026-08-02,드라마,아이돌아이,8,1970-01-01,household,2.75,◎ _26년 오리지널 콘텐츠 관리 (260101~0802 현재).xlsx,drama
2026-08-02,드라마,아너: 그녀들의 법정,1,1970-01-01,target,0.91047,◎ _26년 오리지널 콘텐츠 관리 (260101~0802 현재).xlsx,drama
2026-08-02,드라마,아너: 그녀들의 법정,2,1970-01-01,target,0.61235,◎ _26년 오리지널 콘텐츠 관리 (260101~0802 현재).xlsx,drama
2026-08-02,드라마,아너: 그녀들의 법정,3,1970-01-01,target,0.72257,◎ _26년 오리지널 콘텐츠 관리 (260101~0802 현재).xlsx,drama
2026-08-02,드라마,아너: 그녀들의 법정,4,1970-01-01,target,1.33412,◎ _26년 오리지널 콘텐츠 관리 (260101~0802 현재).xlsx,drama
2026-08-02,드라마,아너: 그녀들의 법정,5,1970-01-01,target,0.542,◎ _26년 오리지널 콘텐츠 관리 (260101~0802 현재).xlsx,drama
2026-08-02,드라마,아너: 그녀들의 법정,6,1970-01-01,target,0.92668,◎ _26년 오리지널 콘텐츠 관리 (260101~0802 현재).xlsx,drama
2026-08-02,드라마,아너: 그녀들의 법정,7,1970-01-01,target,1.0268,◎ _26년 오리지널 콘텐츠 관리 (260101~0802 현재).xlsx,drama
2026-08-02,드라마,아너: 그녀들의 법정,8,1970-01-01,target,1.30646,◎ _26년 오리지널 콘텐츠 관리 (260101~0802 현재).xlsx,drama
2026-08-02,드라마,아너: 그녀들의 법정,9,1970-01-01,target,1.25961,◎ _26년 오리지널 콘텐츠 관리 (260101~0802 현재).xlsx,drama
2026-08-02,드라마,아너: 그녀들의 법정,10,1970-01-01,target,0.8036,◎ _26년 오리지널 콘텐츠 관리 (260101~0802 현재).xlsx,drama
2026-08-02,드라마,아너: 그녀들의 법정,11,1970-01-01,target,1.55746,◎ _26년 오리지널 콘텐츠 관리 (260101~0802 현재).xlsx,drama
2026-08-02,드라마,아너: 그녀들의 법정,12,1970-01-01,target,1.80405,◎ _26년 오리지널 콘텐츠 관리 (260101~0802 현재).xlsx,drama
2026-08-02,드라마,아너: 그녀들의 법정,1,1970-01-01,household,3.12987,◎ _26년 오리지널 콘텐츠 관리 (260101~0802 현재).xlsx,drama
2026-08-02,드라마,아너: 그녀들의 법정,2,1970-01-01,household,3.23584,◎ _26년 오리지널 콘텐츠 관리 (260101~0802 현재).xlsx,drama
2026-08-02,드라마,아너: 그녀들의 법정,3,1970-01-01,household,3.75809,◎ _26년 오리지널 콘텐츠 관리 (260101~0802 현재).xlsx,drama
2026-08-02,드라마,아너: 그녀들의 법정,4,1970-01-01,household,3.25862,◎ _26년 오리지널 콘텐츠 관리 (260101~0802 현재).xlsx,drama
2026-08-02,드라마,아너: 그녀들의 법정,5,1970-01-01,household,3.10357,◎ _26년 오리지널 콘텐츠 관리 (260101~0802 현재).xlsx,drama
2026-08-02,드라마,아너: 그녀들의 법정,6,1970-01-01,household,3.10264,◎ _26년 오리지널 콘텐츠 관리 (260101~0802 현재).xlsx,drama
2026-08-02,드라마,아너: 그녀들의 법정,7,1970-01-01,household,4.29307,◎ _26년 오리지널 콘텐츠 관리 (260101~0802 현재).xlsx,drama
2026-08-02,드라마,아너: 그녀들의 법정,8,1970-01-01,household,4.22029,◎ _26년 오리지널 콘텐츠 관리 (260101~0802 현재).xlsx,drama
2026-08-02,드라마,아너: 그녀들의 법정,9,1970-01-01,household,4.26668,◎ _26년 오리지널 콘텐츠 관리 (260101~0802 현재).xlsx,drama
2026-08-02,드라마,아너: 그녀들의 법정,10,1970-01-01,household,4.31534,◎ _26년 오리지널 콘텐츠 관리 (260101~0802 현재).xlsx,drama
2026-08-02,드라마,아너: 그녀들의 법정,11,1970-01-01,household,4.35703,◎ _26년 오리지널 콘텐츠 관리 (260101~0802 현재).xlsx,drama
2026-08-02,드라마,아너: 그녀들의 법정,12,1970-01-01,household,4.73555,◎ _26년 오리지널 콘텐츠 관리 (260101~0802 현재).xlsx,drama
2026-08-02,드라마,클라이맥스,1,1970-01-01,target,0.60083,◎ _26년 오리지널 콘텐츠 관리 (260101~0802 현재).xlsx,drama
2026-08-02,드라마,클라이맥스,2,1970-01-01,target,1.05333,◎ _26년 오리지널 콘텐츠 관리 (260101~0802 현재).xlsx,drama
2026-08-02,드라마,클라이맥스,3,1970-01-01,target,0.99228,◎ _26년 오리지널 콘텐츠 관리 (260101~0802 현재).xlsx,drama
2026-08-02,드라마,클라이맥스,4,1970-01-01,target,1.28158,◎ _26년 오리지널 콘텐츠 관리 (260101~0802 현재).xlsx,drama
2026-08-02,드라마,클라이맥스,5,1970-01-01,target,0.56473,◎ _26년 오리지널 콘텐츠 관리 (260101~0802 현재).xlsx,drama
2026-08-02,드라마,클라이맥스,6,1970-01-01,target,0.85277,◎ _26년 오리지널 콘텐츠 관리 (260101~0802 현재).xlsx,drama
2026-08-02,드라마,클라이맥스,7,1970-01-01,target,0.73253,◎ _26년 오리지널 콘텐츠 관리 (260101~0802 현재).xlsx,drama
2026-08-02,드라마,클라이맥스,8,1970-01-01,target,0.47303,◎ _26년 오리지널 콘텐츠 관리 (260101~0802 현재).xlsx,drama
2026-08-02,드라마,클라이맥스,9,1970-01-01,target,0.525,◎ _26년 오리지널 콘텐츠 관리 (260101~0802 현재).xlsx,drama
2026-08-02,드라마,클라이맥스,10,1970-01-01,target,1.08585,◎ _26년 오리지널 콘텐츠 관리 (260101~0802 현재).xlsx,drama
2026-08-02,드라마,클라이맥스,1,1970-01-01,household,2.9192,◎ _26년 오리지널 콘텐츠 관리 (260101~0802 현재).xlsx,drama
2026-08-02,드라마,클라이맥스,2,1970-01-01,household,3.83418,◎ _26년 오리지널 콘텐츠 관리 (260101~0802 현재).xlsx,drama
2026-08-02,드라마,클라이맥스,3,1970-01-01,household,3.8706,◎ _26년 오리지널 콘텐츠 관리 (260101~0802 현재).xlsx,drama
2026-08-02,드라마,클라이맥스,4,1970-01-01,household,3.52034,◎ _26년 오리지널 콘텐츠 관리 (260101~0802 현재).xlsx,drama
2026-08-02,드라마,클라이맥스,5,1970-01-01,household,3.24763,◎ _26년 오리지널 콘텐츠 관리 (260101~0802 현재).xlsx,drama
2026-08-02,드라마,클라이맥스,6,1970-01-01,household,3.46171,◎ _26년 오리지널 콘텐츠 관리 (260101~0802 현재).xlsx,drama
2026-08-02,드라마,클라이맥스,7,1970-01-01,household,3.1328,◎ _26년 오리지널 콘텐츠 관리 (260101~0802 현재).xlsx,drama
2026-08-02,드라마,클라이맥스,8,1970-01-01,household,2.87539,◎ _26년 오리지널 콘텐츠 관리 (260101~0802 현재).xlsx,drama
2026-08-02,드라마,클라이맥스,9,1970-01-01,household,3.29,◎ _26년 오리지널 콘텐츠 관리 (260101~0802 현재).xlsx,drama
2026-08-02,드라마,클라이맥스,10,1970-01-01,household,3.92009,◎ _26년 오리지널 콘텐츠 관리 (260101~0802 현재).xlsx,drama
2026-08-02,드라마,허수아비,1,1970-01-01,target,0.73041,◎ _26년 오리지널 콘텐츠 관리 (260101~0802 현재).xlsx,drama
2026-08-02,드라마,허수아비,2,1970-01-01,target,1.616,◎ _26년 오리지널 콘텐츠 관리 (260101~0802 현재).xlsx,drama
2026-08-02,드라마,허수아비,3,1970-01-01,target,1.847,◎ _26년 오리지널 콘텐츠 관리 (260101~0802 현재).xlsx,drama
2026-08-02,드라마,허수아비,4,1970-01-01,target,1.947,◎ _26년 오리지널 콘텐츠 관리 (260101~0802 현재).xlsx,drama
2026-08-02,드라마,허수아비,5,1970-01-01,target,2.125,◎ _26년 오리지널 콘텐츠 관리 (260101~0802 현재).xlsx,drama
2026-08-02,드라마,허수아비,6,1970-01-01,target,2.791,◎ _26년 오리지널 콘텐츠 관리 (260101~0802 현재).xlsx,drama
2026-08-02,드라마,허수아비,7,1970-01-01,target,1.90081,◎ _26년 오리지널 콘텐츠 관리 (260101~0802 현재).xlsx,drama
2026-08-02,드라마,허수아비,8,1970-01-01,target,2.43316,◎ _26년 오리지널 콘텐츠 관리 (260101~0802 현재).xlsx,drama
2026-08-02,드라마,허수아비,9,1970-01-01,target,2.26281,◎ _26년 오리지널 콘텐츠 관리 (260101~0802 현재).xlsx,drama
2026-08-02,드라마,허수아비,10,1970-01-01,target,2.15522,◎ _26년 오리지널 콘텐츠 관리 (260101~0802 현재).xlsx,drama
2026-08-02,드라마,허수아비,11,1970-01-01,target,2.36319,◎ _26년 오리지널 콘텐츠 관리 (260101~0802 현재).xlsx,drama
2026-08-02,드라마,허수아비,12,1970-01-01,target,2.52023,◎ _26년 오리지널 콘텐츠 관리 (260101~0802 현재).xlsx,drama
2026-08-02,드라마,허수아비,1,1970-01-01,household,2.75857,◎ _26년 오리지널 콘텐츠 관리 (260101~0802 현재).xlsx,drama
2026-08-02,드라마,허수아비,2,1970-01-01,household,4.151,◎ _26년 오리지널 콘텐츠 관리 (260101~0802 현재).xlsx,drama
2026-08-02,드라마,허수아비,3,1970-01-01,household,4.579,◎ _26년 오리지널 콘텐츠 관리 (260101~0802 현재).xlsx,drama
2026-08-02,드라마,허수아비,4,1970-01-01,household,5.73,◎ _26년 오리지널 콘텐츠 관리 (260101~0802 현재).xlsx,drama
2026-08-02,드라마,허수아비,5,1970-01-01,household,6.273,◎ _26년 오리지널 콘텐츠 관리 (260101~0802 현재).xlsx,drama
2026-08-02,드라마,허수아비,6,1970-01-01,household,7.51,◎ _26년 오리지널 콘텐츠 관리 (260101~0802 현재).xlsx,drama
2026-08-02,드라마,허수아비,7,1970-01-01,household,6.45546,◎ _26년 오리지널 콘텐츠 관리 (260101~0802 현재).xlsx,drama
2026-08-02,드라마,허수아비,8,1970-01-01,household,7.44372,◎ _26년 오리지널 콘텐츠 관리 (260101~0802 현재).xlsx,drama
2026-08-02,드라마,허수아비,9,1970-01-01,household,7.21662,◎ _26년 오리지널 콘텐츠 관리 (260101~0802 현재).xlsx,drama
2026-08-02,드라마,허수아비,10,1970-01-01,household,7.92452,◎ _26년 오리지널 콘텐츠 관리 (260101~0802 현재).xlsx,drama
2026-08-02,드라마,허수아비,11,1970-01-01,household,7.35219,◎ _26년 오리지널 콘텐츠 관리 (260101~0802 현재).xlsx,drama
2026-08-02,드라마,허수아비,12,1970-01-01,household,8.1217,◎ _26년 오리지널 콘텐츠 관리 (260101~0802 현재).xlsx,drama
2026-08-02,드라마,닥터 섬보이,1,1970-01-01,target,1.19701,◎ _26년 오리지널 콘텐츠 관리 (260101~0802 현재).xlsx,drama
2026-08-02,드라마,닥터 섬보이,2,1970-01-01,target,1.32565,◎ _26년 오리지널 콘텐츠 관리 (260101~0802 현재).xlsx,drama
2026-08-02,드라마,닥터 섬보이,3,1970-01-01,target,0.87746,◎ _26년 오리지널 콘텐츠 관리 (260101~0802 현재).xlsx,drama
2026-08-02,드라마,닥터 섬보이,4,1970-01-01,target,1.14395,◎ _26년 오리지널 콘텐츠 관리 (260101~0802 현재).xlsx,drama
2026-08-02,드라마,닥터 섬보이,5,1970-01-01,target,1.32186,◎ _26년 오리지널 콘텐츠 관리 (260101~0802 현재).xlsx,drama
2026-08-02,드라마,닥터 섬보이,6,1970-01-01,target,1.163,◎ _26년 오리지널 콘텐츠 관리 (260101~0802 현재).xlsx,drama
2026-08-02,드라마,닥터 섬보이,7,1970-01-01,target,0.814,◎ _26년 오리지널 콘텐츠 관리 (260101~0802 현재).xlsx,drama
2026-08-02,드라마,닥터 섬보이,8,1970-01-01,target,1.09723,◎ _26년 오리지널 콘텐츠 관리 (260101~0802 현재).xlsx,drama
2026-08-02,드라마,닥터 섬보이,9,1970-01-01,target,0.68988,◎ _26년 오리지널 콘텐츠 관리 (260101~0802 현재).xlsx,drama
2026-08-02,드라마,닥터 섬보이,10,1970-01-01,target,1.32695,◎ _26년 오리지널 콘텐츠 관리 (260101~0802 현재).xlsx,drama
2026-08-02,드라마,닥터 섬보이,11,1970-01-01,target,1.0668,◎ _26년 오리지널 콘텐츠 관리 (260101~0802 현재).xlsx,drama
2026-08-02,드라마,닥터 섬보이,12,1970-01-01,target,1.65067,◎ _26년 오리지널 콘텐츠 관리 (260101~0802 현재).xlsx,drama
2026-08-02,드라마,닥터 섬보이,1,1970-01-01,household,4.045,◎ _26년 오리지널 콘텐츠 관리 (260101~0802 현재).xlsx,drama
2026-08-02,드라마,닥터 섬보이,2,1970-01-01,household,4.99469,◎ _26년 오리지널 콘텐츠 관리 (260101~0802 현재).xlsx,drama
2026-08-02,드라마,닥터 섬보이,3,1970-01-01,household,5.12702,◎ _26년 오리지널 콘텐츠 관리 (260101~0802 현재).xlsx,drama
2026-08-02,드라마,닥터 섬보이,4,1970-01-01,household,5.17973,◎ _26년 오리지널 콘텐츠 관리 (260101~0802 현재).xlsx,drama
2026-08-02,드라마,닥터 섬보이,5,1970-01-01,household,4.99289,◎ _26년 오리지널 콘텐츠 관리 (260101~0802 현재).xlsx,drama
2026-08-02,드라마,닥터 섬보이,6,1970-01-01,household,5.07579,◎ _26년 오리지널 콘텐츠 관리 (260101~0802 현재).xlsx,drama
2026-08-02,드라마,닥터 섬보이,7,1970-01-01,household,3.99657,◎ _26년 오리지널 콘텐츠 관리 (260101~0802 현재).xlsx,drama
2026-08-02,드라마,닥터 섬보이,8,1970-01-01,household,4.82332,◎ _26년 오리지널 콘텐츠 관리 (260101~0802 현재).xlsx,drama
2026-08-02,드라마,닥터 섬보이,9,1970-01-01,household,4.46833,◎ _26년 오리지널 콘텐츠 관리 (260101~0802 현재).xlsx,drama
2026-08-02,드라마,닥터 섬보이,10,1970-01-01,household,4.77973,◎ _26년 오리지널 콘텐츠 관리 (260101~0802 현재).xlsx,drama
2026-08-02,드라마,닥터 섬보이,11,1970-01-01,household,4.87047,◎ _26년 오리지널 콘텐츠 관리 (260101~0802 현재).xlsx,drama
2026-08-02,드라마,닥터 섬보이,12,1970-01-01,household,5.93225,◎ _26년 오리지널 콘텐츠 관리 (260101~0802 현재).xlsx,drama
2026-08-02,드라마,그대에게 드림,1,1970-01-01,target,0.72055,◎ _26년 오리지널 콘텐츠 관리 (260101~0802 현재).xlsx,drama
2026-08-02,드라마,그대에게 드림,2,1970-01-01,target,0.66933,◎ _26년 오리지널 콘텐츠 관리 (260101~0802 현재).xlsx,drama
2026-08-02,드라마,그대에게 드림,3,1970-01-01,target,0.73683,◎ _26년 오리지널 콘텐츠 관리 (260101~0802 현재).xlsx,drama
2026-08-02,드라마,그대에게 드림,4,1970-01-01,target,0.65593,◎ _26년 오리지널 콘텐츠 관리 (260101~0802 현재).xlsx,drama
2026-08-02,드라마,그대에게 드림,5,1970-01-01,target,0.44843,◎ _26년 오리지널 콘텐츠 관리 (260101~0802 현재).xlsx,drama
2026-08-02,드라마,그대에게 드림,6,1970-01-01,target,0.54783,◎ _26년 오리지널 콘텐츠 관리 (260101~0802 현재).xlsx,drama
2026-08-02,드라마,그대에게 드림,1,1970-01-01,household,2.71915,◎ _26년 오리지널 콘텐츠 관리 (260101~0802 현재).xlsx,drama
2026-08-02,드라마,그대에게 드림,2,1970-01-01,household,2.83452,◎ _26년 오리지널 콘텐츠 관리 (260101~0802 현재).xlsx,drama
2026-08-02,드라마,그대에게 드림,3,1970-01-01,household,2.87413,◎ _26년 오리지널 콘텐츠 관리 (260101~0802 현재).xlsx,drama
2026-08-02,드라마,그대에게 드림,4,1970-01-01,household,2.69777,◎ _26년 오리지널 콘텐츠 관리 (260101~0802 현재).xlsx,drama
2026-08-02,드라마,그대에게 드림,5,1970-01-01,household,2.0611,◎ _26년 오리지널 콘텐츠 관리 (260101~0802 현재).xlsx,drama
2026-08-02,드라마,그대에게 드림,6,1970-01-01,household,2.25475,◎ _26년 오리지널 콘텐츠 관리 (260101~0802 현재).xlsx,drama
2026-08-02,드라마,그대에게 드림,1,1970-01-01,target,1.061545303030303,◎ _26년 오리지널 콘텐츠 관리 (260101~0802 현재).xlsx,drama
2026-08-02,드라마,그대에게 드림,2,,target,1.1,◎ _26년 오리지널 콘텐츠 관리 (260101~0802 현재).xlsx,drama
